Unitid,Institution Name,City,State,Type,ANNH,AANAPISI,HSI,NASNTI,PBI,HBCU,TCU
180203,Aaniiih Nakoda College,Harlem,MT,Public 4yr,,,,,,,Yes
126182,Adams State University,Alamosa,CO,Public 4yr,,,Yes,,,,
188429,Adelphi University,Garden City,NY,Private 4yr,,Yes,,,,,
133872,AdventHealth University,Orlando,FL,Private 4yr,,,Yes,,,,
100654,Alabama A & M University,Normal,AL,Public 4yr,,,,,,Yes,
100724,Alabama State University,Montgomery,AL,Public 4yr,,,,,,Yes,
442523,Alaska Christian College,Soldotna,AK,Private 2yr,Yes,,,Yes,,,
102669,Alaska Pacific University,Anchorage,AK,Private 4yr,Yes,,,Yes,,,
138716,Albany State University,Albany,GA,Public 4yr,,,,,,Yes,
138682,Albany Technical College,Albany,GA,Public 2yr,,,,,Yes,,
132842,Albizu University-Miami,Miami,FL,Private 4yr,,,Yes,,,,
241331,Albizu University-San Juan,San Juan,PR,Private 4yr,,,Yes,,,,
175342,Alcorn State University,Alcorn State,MS,Public 4yr,,,,,,Yes,
108807,Allan Hancock College,Santa Maria,CA,Public 2yr,,,Yes,,,,
217624,Allen University,Columbia,SC,Private 4yr,,,,,,Yes,
445461,Altierus Career College-Bissonnet,Houston,TX,Private 2yr,,,Yes,,,,
137801,Altierus Career College-Tampa,Tampa,FL,Private 2yr,,,Yes,,,,
238193,Alverno College,Milwaukee,WI,Private 4yr,,,Yes,,,,
222567,Alvin Community College,Alvin,TX,Public 2yr,,,Yes,,,,
222576,Amarillo College,Amarillo,TX,Public 2yr,,,Yes,,,,
490081,America Evangelical University,Los Angeles,CA,Private 4yr,,Yes,,,,,
188687,American Academy McAllister Institute of Funeral Service,New York,NY,Private 2yr,,,Yes,,,,
219505,American Baptist College,Nashville,TN,Private 4yr,,,,,,Yes,
109208,American River College,Sacramento,CA,Public 2yr,,Yes,Yes,,,,
240736,American Samoa Community College,Pago Pago,AS,Public 4yr,,Yes,,,,,
241100,American University of Puerto Rico,Bayamon,PR,Private 4yr,,,Yes,,,,
241128,American University of Puerto Rico,Manati,PR,Private 4yr,,,Yes,,,,
168740,Andrews University,Berrien Springs,MI,Private 4yr,,Yes,,,,,
222822,Angelina College,Lufkin,TX,Public 2yr,,,Yes,,,,
222831,Angelo State University,San Angelo,TX,Public 4yr,,,Yes,,,,
109350,Antelope Valley College,Lancaster,CA,Public 4yr,,,Yes,,,,
245847,Antioch University-Santa Barbara,Santa Barbara,CA,Private 4yr,,,Yes,,,,
105899,Arizona Christian University,Glendale,AZ,Private 4yr,,,Yes,,,,
104160,Arizona Western College,Yuma,AZ,Public 2yr,,,Yes,,,,
106306,Arkansas Baptist College,Little Rock,AR,Private 4yr,,,,,,Yes,
107318,Arkansas State University Mid-South,West Memphis,AR,Public 2yr,,,,,Yes,,
440651,Atenas College,Manati,PR,Private 4yr,,,Yes,,,,
138901,Atlanta Metropolitan State College,Atlanta,GA,Public 4yr,,,,,Yes,,
138840,Atlanta Technical College,Atlanta,GA,Public 2yr,,,,,Yes,,
183655,Atlantic Cape Community College,Mays Landing,NJ,Public 2yr,,,Yes,,,,
241216,Atlantic University College,Guaynabo,PR,Private 4yr,,,Yes,,,,
100830,Auburn University at Montgomery,Montgomery,AL,Public 4yr,,,,,Yes,,
173045,Augsburg University,Minneapolis,MN,Private 4yr,,Yes,,,,,
138956,Augusta Technical College,Augusta,GA,Public 2yr,,,,,Yes,,
143118,Aurora University,Aurora,IL,Private 4yr,,,Yes,,,,
222983,Austin College,Sherman,TX,Private 4yr,,Yes,,,,,
222992,Austin Community College District,Austin,TX,Public 4yr,,,Yes,,,,
109785,Azusa Pacific University,Azusa,CA,Private 4yr,,Yes,Yes,,,,
206817,Bacone College,Muskogee,OK,Private 4yr,,,,Yes,,,
109819,Bakersfield College,Bakersfield,CA,Public 4yr,,,Yes,,,,
161864,Baltimore City Community College,Baltimore,MD,Public 2yr,,,,,Yes,,
219639,Baptist Health Sciences University,Memphis,TN,Private 4yr,,,,,Yes,,
444398,Baptist University of the Americas,San Antonio,TX,Private 4yr,,,Yes,,,,
132471,Barry University,Miami,FL,Private 4yr,,,Yes,,,,
109907,Barstow Community College,Barstow,CA,Public 2yr,,,Yes,,,,
437103,Baton Rouge Community College,Baton Rouge,LA,Public 2yr,,,,,Yes,,
380359,Bay Mills Community College,Brimley,MI,Public 4yr,,,,,,,Yes
175421,Belhaven University,Jackson,MS,Private 4yr,,,,,Yes,,
217721,Benedict College,Columbia,SC,Private 4yr,,,,,,Yes,
145619,Benedictine University,Lisle,IL,Private 4yr,,Yes,,,,,
165884,Benjamin Franklin Institute of Technology,Boston,MA,Private 4yr,,,Yes,,,,
197993,Bennett College,Greensboro,NC,Private 4yr,,,,,,Yes,
183743,Bergen Community College,Paramus,NJ,Public 2yr,,Yes,Yes,,,,
125170,Berkeley City College,Berkeley,CA,Public 2yr,,Yes,Yes,,,,
132602,Bethune-Cookman University,Daytona Beach,FL,Private 4yr,,,,,,Yes,
139153,Beulah Heights University,Atlanta,GA,Private 4yr,,Yes,,,,,
234711,Big Bend Community College,Moses Lake,WA,Public 2yr,,,Yes,,,,
110097,Biola University,La Mirada,CA,Private 4yr,,Yes,,,,,
102030,Bishop State Community College,Mobile,AL,Public 2yr,,,,,,Yes,
180054,Blackfeet Community College,Browning,MT,Private 2yr,,,,,,,Yes
198011,Bladen Community College,Dublin,NC,Public 2yr,,,,Yes,,,
183822,Bloomfield College,Bloomfield,NJ,Private 4yr,,,Yes,,Yes,,
208275,Blue Mountain Community College,Pendleton,OR,Public 2yr,,,Yes,,,,
237215,Bluefield State College,Bluefield,WV,Public 4yr,,,,,,Yes,
189413,Boricua College,New York,NY,Private 4yr,,,Yes,,,,
162007,Bowie State University,Bowie,MD,Public 4yr,,,,,,Yes,
223506,Brazosport College,Lake Jackson,TX,Public 4yr,,,Yes,,,,
132709,Broward College,Fort Lauderdale,FL,Public 4yr,,,Yes,,,,
165112,Bunker Hill Community College,Boston,MA,Public 2yr,,Yes,Yes,,,,
110246,Butte College,Oroville,CA,Public 2yr,,,Yes,,,,
110334,Cabrillo College,Aptos,CA,Public 2yr,,,Yes,,,,
183910,Caldwell University,Caldwell,NJ,Private 4yr,,,Yes,,,,
110361,California Baptist University,Riverside,CA,Private 4yr,,,Yes,,,,
110918,California Christian College,Fresno,CA,Private 4yr,,,Yes,,,,
485263,California College San Diego,San Diego,CA,Private 4yr,,Yes,Yes,,,,
478634,California College San Diego,San Marcos,CA,Private 4yr,,,Yes,,,,
474890,California College San Diego-CollegeAmerica-Phoenix,Phoenix,AZ,Private 4yr,,,Yes,,,,
110413,California Lutheran University,Thousand Oaks,CA,Private 4yr,,,Yes,,,,
110422,California Polytechnic State University-San Luis Obispo,San Luis Obispo,CA,Public 4yr,,Yes,,,,,
110529,California State Polytechnic University-Pomona,Pomona,CA,Public 4yr,,Yes,Yes,,,,
110486,California State University-Bakersfield,Bakersfield,CA,Public 4yr,,,Yes,,,,
441937,California State University-Channel Islands,Camarillo,CA,Public 4yr,,,Yes,,,,
110538,California State University-Chico,Chico,CA,Public 4yr,,,Yes,,,,
110547,California State University-Dominguez Hills,Carson,CA,Public 4yr,,,Yes,,,,
110574,California State University-East Bay,Hayward,CA,Public 4yr,,Yes,Yes,,,,
110556,California State University-Fresno,Fresno,CA,Public 4yr,,Yes,Yes,,,,
110565,California State University-Fullerton,Fullerton,CA,Public 4yr,,Yes,Yes,,,,
110583,California State University-Long Beach,Long Beach,CA,Public 4yr,,Yes,Yes,,,,
110592,California State University-Los Angeles,Los Angeles,CA,Public 4yr,,Yes,Yes,,,,
409698,California State University-Monterey Bay,Seaside,CA,Public 4yr,,,Yes,,,,
110608,California State University-Northridge,Northridge,CA,Public 4yr,,,Yes,,,,
110617,California State University-Sacramento,Sacramento,CA,Public 4yr,,Yes,Yes,,,,
110510,California State University-San Bernardino,San Bernardino,CA,Public 4yr,,,Yes,,,,
366711,California State University-San Marcos,San Marcos,CA,Public 4yr,,,Yes,,,,
110495,California State University-Stanislaus,Turlock,CA,Public 4yr,,,Yes,,,,
150172,Calumet College of Saint Joseph,Whiting,IN,Private 4yr,,,Yes,,,,
165167,Cambridge College,Boston,MA,Private 4yr,,Yes,Yes,,,,
111434,Canada College,Redwood City,CA,Public 2yr,,Yes,Yes,,,,
200208,Cankdeska Cikana Community College,Fort Totten,ND,Public 2yr,,,,,,,Yes
129367,Capital Community College,Hartford,CT,Public 2yr,,,Yes,,,,
241377,Caribbean University-Bayamon,Bayamon,PR,Private 4yr,,,Yes,,,,
241386,Caribbean University-Carolina,Carolina,PR,Private 4yr,,,Yes,,,,
363907,Caribbean University-Ponce,Ponce,PR,Private 4yr,,,Yes,,,,
363916,Caribbean University-Vega Baja,Vega Baja,PR,Private 4yr,,,Yes,,,,
206923,Carl Albert State College,Poteau,OK,Public 2yr,,,,Yes,,,
111638,Casa Loma College-Van Nuys,Van Nuys,CA,Private 4yr,,Yes,Yes,,,,
104346,Central Arizona College,Coolidge,AZ,Public 2yr,,,Yes,,,,
218858,Central Carolina Technical College,Sumter,SC,Public 2yr,,,,,Yes,,
483045,Central Georgia Technical College,Warner Robins,GA,Public 2yr,,,,,Yes,,
187532,Central New Mexico Community College,Albuquerque,NM,Public 2yr,,,Yes,,,,
201690,Central State University,Wilberforce,OH,Public 4yr,,,,,,Yes,
240514,Central Wyoming College,Riverton,WY,Public 4yr,,,,Yes,,,
175315,Century College,White Bear Lake,MN,Public 2yr,,Yes,,,,,
111887,Cerritos College,Norwalk,CA,Public 2yr,,,Yes,,,,
111896,Cerro Coso Community College,Ridgecrest,CA,Public 2yr,,,Yes,,,,
111920,Chabot College,Hayward,CA,Public 2yr,,Yes,Yes,,,,
111939,Chaffey College,Rancho Cucamonga,CA,Public 2yr,,,Yes,,,,
141486,Chaminade University of Honolulu,Honolulu,HI,Private 4yr,Yes,Yes,,,,,
364025,Chandler-Gilbert Community College,Chandler,AZ,Public 2yr,,,Yes,,,,
111966,Charles R Drew University of Medicine and Science,Los Angeles,CA,Private 4yr,,,,,,Yes,
101028,Chattahoochee Valley Community College,Phenix City,AL,Public 2yr,,,,,Yes,,
208390,Chemeketa Community College,Salem,OR,Public 2yr,,,Yes,,,,
211608,Cheyney University of Pennsylvania,Cheyney,PA,Public 4yr,,,,,,Yes,
144005,Chicago State University,Chicago,IL,Public 4yr,,,,,Yes,,
180160,Chief Dull Knife College,Lame Deer,MT,Public 2yr,,,,,,,Yes
198303,Chowan University,Murfreesboro,NC,Private 4yr,,,,,Yes,,
223898,Cisco College,Cisco,TX,Public 2yr,,,Yes,,,,
112172,Citrus College,Glendora,CA,Public 2yr,,,Yes,,,,
112190,City College of San Francisco,San Francisco,CA,Public 2yr,,Yes,,,,,
434539,City College-Miami,Miami,FL,Private 4yr,,,Yes,,,,
144209,City Colleges of Chicago-Harold Washington College,Chicago,IL,Public 2yr,,,Yes,,,,
144184,City Colleges of Chicago-Harry S Truman College,Chicago,IL,Public 2yr,,Yes,Yes,,,,
144157,City Colleges of Chicago-Kennedy-King College,Chicago,IL,Public 2yr,,,,,Yes,,
144166,City Colleges of Chicago-Malcolm X College,Chicago,IL,Public 2yr,,,Yes,,Yes,,
144175,City Colleges of Chicago-Olive-Harvey College,Chicago,IL,Public 2yr,,,Yes,,Yes,,
144193,City Colleges of Chicago-Richard J Daley College,Chicago,IL,Public 2yr,,,Yes,,,,
144218,City Colleges of Chicago-Wilbur Wright College,Chicago,IL,Public 2yr,,,Yes,,,,
217873,Claflin University,Orangeburg,SC,Private 4yr,,,,,,Yes,
138947,Clark Atlanta University,Atlanta,GA,Private 4yr,,,,,,Yes,
139311,Clayton  State University,Morrow,GA,Public 4yr,,,,,Yes,,
217891,Clinton College,Rock Hill,SC,Private 4yr,,,,,,Yes,
489201,Clovis Community College,Fresno,CA,Public 2yr,,Yes,Yes,,,,
187639,Clovis Community College,Clovis,NM,Public 2yr,,,Yes,,,,
175519,Coahoma Community College,Clarksdale,MS,Public 2yr,,,,,,Yes,
223320,Coastal Bend College,Beeville,TX,Public 2yr,,,Yes,,,,
112385,Coastline Community College,Fountain Valley,CA,Public 2yr,,Yes,Yes,,,,
104425,Cochise County Community College District,Sierra Vista,AZ,Public 2yr,,,Yes,,,,
404426,Coconino Community College,Flagstaff,AZ,Public 2yr,,,,Yes,,,
241720,Colegio Universitario de San Juan,San Juan,PR,Public 4yr,,,Yes,,,,
108667,College of Alameda,Alameda,CA,Public 2yr,,Yes,Yes,,,,
388520,College of Biblical Studies-Houston,Houston,TX,Private 4yr,,,Yes,,,,
144865,College of DuPage,Glen Ellyn,IL,Public 2yr,,Yes,Yes,,,,
146472,College of Lake County,Grayslake,IL,Public 2yr,,,Yes,,,,
413617,College of Menominee Nation,Keshena,WI,Private 4yr,,,,,,,Yes
243638,College of Micronesia-FSM,Pohnpei,FM,Public 4yr,,Yes,,,,,
193399,College of Mount Saint Vincent,Bronx,NY,Private 4yr,,,Yes,,,,
122791,College of San Mateo,San Mateo,CA,Public 2yr,,Yes,Yes,,,,
142559,College of Southern Idaho,Twin Falls,ID,Public 4yr,,,Yes,,,,
182005,College of Southern Nevada,Las Vegas,NV,Public 4yr,,Yes,Yes,,,,
190558,College of Staten Island CUNY,Staten Island,NY,Public 4yr,,Yes,Yes,,,,
111461,College of the Canyons,Santa Clarita,CA,Public 2yr,,Yes,Yes,,,,
226408,College of the Mainland,Texas City,TX,Public 2yr,,,Yes,,,,
376695,College of the Marshall Islands,Majuro,MH,Public 4yr,,Yes,,,,,
480967,College of the Muscogee Nation,Okmulgee,OK,Public 2yr,,,,,,,Yes
123217,College of the Sequoias,Visalia,CA,Public 2yr,,,Yes,,,,
493822,College Unbound,Providence,RI,Private 4yr,,,Yes,,,,
126711,Colorado Mountain College,Glenwood Springs,CO,Public 4yr,,,Yes,,,,
128106,Colorado State University Pueblo,Pueblo,CO,Public 4yr,,,Yes,,,,
234979,Columbia Basin College,Pasco,WA,Public 4yr,,,Yes,,,,
139357,Columbus Technical College,Columbus,GA,Public 2yr,,,,,Yes,,
126863,Community College of Aurora,Aurora,CO,Public 2yr,,,Yes,,,,
126942,Community College of Denver,Denver,CO,Public 4yr,,,Yes,,,,
215239,Community College of Philadelphia,Philadelphia,PA,Public 2yr,,Yes,,,Yes,,
112686,Compton College,Compton,CA,Public 2yr,,,Yes,,,,
190248,Concordia College,Bronxville,NY,Private 4yr,,,Yes,,,,
224004,Concordia University Texas,Austin,TX,Private 4yr,,,Yes,,,,
144351,Concordia University-Chicago,River Forest,IL,Private 4yr,,,Yes,,,,
112075,Concordia University-Irvine,Irvine,CA,Private 4yr,,Yes,Yes,,,,
173328,Concordia University-Saint Paul,Saint Paul,MN,Private 4yr,,Yes,,,,,
206996,Connors State College,Warner,OK,Public 2yr,,,,Yes,,,
241766,Conservatory of Music of Puerto Rico,San Juan,PR,Public 4yr,,,Yes,,,,
112826,Contra Costa College,San Pablo,CA,Public 2yr,,,Yes,,,,
175573,Copiah-Lincoln Community College,Wesson,MS,Public 2yr,,,,,Yes,,
162283,Coppin State University,Baltimore,MD,Public 4yr,,,,,,Yes,
106795,Cossatot Community College of the University of Arkansas,De Queen,AR,Public 2yr,,,Yes,,,,
113096,Cosumnes River College,Sacramento,CA,Public 2yr,,Yes,Yes,,,,
113193,Cuesta College,San Luis Obispo,CA,Public 2yr,,,Yes,,,,
190512,CUNY Bernard M Baruch College,New York,NY,Public 4yr,,Yes,Yes,,,,
190521,CUNY Borough of Manhattan Community College,New York,NY,Public 2yr,,,Yes,,,,
190530,CUNY Bronx Community College,Bronx,NY,Public 2yr,,,Yes,,,,
190549,CUNY Brooklyn College,Brooklyn,NY,Public 4yr,,Yes,,,,,
190567,CUNY City College,New York,NY,Public 4yr,,Yes,Yes,,,,
190585,CUNY Hostos Community College,Bronx,NY,Public 2yr,,,Yes,,,,
190594,CUNY Hunter College,New York,NY,Public 4yr,,Yes,Yes,,,,
190600,CUNY John Jay College of Criminal Justice,New York,NY,Public 4yr,,Yes,Yes,,,,
190619,CUNY Kingsborough Community College,Brooklyn,NY,Public 2yr,,Yes,,,,,
190628,CUNY LaGuardia Community College,Long Island City,NY,Public 2yr,,Yes,Yes,,,,
190637,CUNY Lehman College,Bronx,NY,Public 4yr,,,Yes,,,,
190646,CUNY Medgar Evers College,Brooklyn,NY,Public 4yr,,,,,Yes,,
190655,CUNY New York City College of Technology,Brooklyn,NY,Public 4yr,,Yes,Yes,,,,
190664,CUNY Queens College,Queens,NY,Public 4yr,,Yes,Yes,,,,
190673,CUNY Queensborough Community College,Bayside,NY,Public 2yr,,Yes,Yes,,,,
475565,CUNY Stella and Charles Guttman Community College,New York,NY,Public 2yr,,,Yes,,,,
190691,CUNY York College,Jamaica,NY,Public 4yr,,Yes,Yes,,Yes,,
113218,Cuyamaca College,El Cajon,CA,Public 2yr,,,Yes,,,,
113236,Cypress College,Cypress,CA,Public 4yr,,Yes,Yes,,,,
224615,Dallas College,Dallas,TX,Public 4yr,,,Yes,,,,
139463,Dalton State College,Dalton,GA,Public 4yr,,,Yes,,,,
224350,Del Mar College,Corpus Christi,TX,Public 2yr,,,Yes,,,,
130934,Delaware State University,Dover,DE,Public 4yr,,,,,,Yes,
158662,Delgado Community College,New Orleans,LA,Public 2yr,,,,,Yes,,
217989,Denmark Technical College,Denmark,SC,Public 2yr,,,,,,Yes,
434900,Dewey University-Carolina,Carolina,PR,Private 4yr,,,Yes,,,,
443562,Dewey University-Hato Rey,Hato Rey,PR,Private 4yr,,,Yes,,,,
449135,Dewey University-Juana DÃ­az,Juana Diaz,PR,Private 4yr,,,Yes,,,,
469416,Dewey University-Manati,Manati,PR,Private 4yr,,,Yes,,,,
158802,Dillard University,New Orleans,LA,Private 4yr,,,,,,Yes,
105297,Dine College,Tsaile,AZ,Public 4yr,,,,,,,Yes
154998,Dodge City Community College,Dodge City,KS,Public 2yr,,,Yes,,,,
190761,Dominican College of Blauvelt,Orangeburg,NY,Private 4yr,,,Yes,,,,
148496,Dominican University,River Forest,IL,Private 4yr,,,Yes,,,,
113698,Dominican University of California,San Rafael,CA,Private 4yr,,Yes,Yes,,,,
155007,Donnelly College,Kansas City,KS,Private 4yr,,,Yes,,,,
207041,East Central University,Ada,OK,Public 4yr,,,,Yes,,,
139621,East Georgia State College,Swainsboro,GA,Public 4yr,,,,,Yes,,
113856,East Los Angeles College,Monterey Park,CA,Public 2yr,,,Yes,,,,
175652,East Mississippi Community College,Scooba,MS,Public 2yr,,,,,Yes,,
383996,Eastern New Mexico University Ruidoso Branch Community College,Ruidoso,NM,Public 2yr,,,Yes,Yes,,,
187648,Eastern New Mexico University-Main Campus,Portales,NM,Public 4yr,,,Yes,,,,
187666,Eastern New Mexico University-Roswell Campus,Roswell,NM,Public 2yr,,,Yes,,,,
207050,Eastern Oklahoma State College,Wilburton,OK,Public 2yr,,,,Yes,,,
446233,Ecclesia College,Springdale,AR,Private 4yr,,,Yes,,,,
198491,Edgecombe Community College,Tarboro,NC,Public 2yr,,,,,Yes,,
235103,Edmonds College,Lynnwood,WA,Public 4yr,,Yes,,,,,
243832,EDP University of Puerto Rico Inc-San Juan,San Juan,PR,Private 4yr,,,Yes,,,,
241836,EDP University of Puerto Rico Inc-San Sebastian,San Sebastian,PR,Private 4yr,,,Yes,,,,
494278,EDP University of Puerto Rico-Humacao,Humacao,PR,Private 4yr,,,Yes,,,,
494287,EDP University of Puerto Rico-Manati,Manati,PR,Private 4yr,,,Yes,,,,
492476,EDP University of Puerto Rico-Villalba,Villalba,PR,Private 4yr,,,Yes,,,,
133526,Edward Waters College,Jacksonville,FL,Private 4yr,,,,,,Yes,
113980,El Camino Community College District,Torrance,CA,Public 2yr,,Yes,Yes,,,,
224642,El Paso Community College,El Paso,TX,Public 2yr,,,Yes,,,,
144944,Elgin Community College,Elgin,IL,Public 2yr,,,Yes,,,,
198507,Elizabeth City State University,Elizabeth City,NC,Public 4yr,,,,,,Yes,
144962,Elmhurst University,Elmhurst,IL,Private 4yr,,,Yes,,,,
124487,Epic Bible College,Sacramento,CA,Private 4yr,,Yes,,,,,
241951,Escuela de Artes Plasticas y Diseno de Puerto Rico,San Juan,PR,Public 4yr,,,Yes,,,,
184481,Essex County College,Newark,NJ,Public 2yr,,,Yes,,Yes,,
384333,Estrella Mountain Community College,Avondale,AZ,Public 2yr,,,Yes,,,,
114266,Evergreen Valley College,San Jose,CA,Public 2yr,,Yes,Yes,,,,
184603,Fairleigh Dickinson University-Metropolitan Campus,Teaneck,NJ,Private 4yr,,,Yes,,,,
443058,Family of Faith Christian University,Shawnee,OK,Private 4yr,,,Yes,,,,
101189,Faulkner University,Montgomery,AL,Private 4yr,,,,,Yes,,
198543,Fayetteville State University,Fayetteville,NC,Public 4yr,,,,,,Yes,
184612,Felician University,Lodi,NJ,Private 4yr,,,Yes,,,,
220181,Fisk University,Nashville,TN,Private 4yr,,,,,,Yes,
218025,Florence-Darlington Technical College,Florence,SC,Public 2yr,,,,,Yes,,
133650,Florida Agricultural and Mechanical University,Tallahassee,FL,Public 4yr,,,,,,Yes,
133669,Florida Atlantic University,Boca Raton,FL,Public 4yr,,,Yes,,,,
133951,Florida International University,Miami,FL,Public 4yr,,,Yes,,,,
133979,Florida Memorial University,Miami Gardens,FL,Private 4yr,,,,,,Yes,
133508,Florida SouthWestern State College,Fort Myers,FL,Public 4yr,,,Yes,,,,
444219,Folsom Lake College,Folsom,CA,Public 2yr,,Yes,,,,,
380368,Fond du Lac Tribal and Community College,Cloquet,MN,Public 2yr,,,,,,,Yes
127185,Fort Lewis College,Durango,CO,Public 4yr,,,,Yes,,,
180212,Fort Peck Community College,Poplar,MT,Public 2yr,,,,,,,Yes
139719,Fort Valley State University,Fort Valley,GA,Public 4yr,,,,,,Yes,
224891,Frank Phillips College,Borger,TX,Public 2yr,,,Yes,,,,
114789,Fresno City College,Fresno,CA,Public 2yr,,Yes,Yes,,,,
114813,Fresno Pacific University,Fresno,CA,Private 4yr,,,Yes,,,,
114859,Fullerton College,Fullerton,CA,Public 2yr,,Yes,Yes,,,,
101240,Gadsden State Community College,Gadsden,AL,Public 2yr,,,,,,Yes,
224961,Galveston College,Galveston,TX,Public 4yr,,,Yes,,,,
155104,Garden City Community College,Garden City,KS,Public 2yr,,,Yes,,,,
130396,Gateway Community College,New Haven,CT,Public 2yr,,,Yes,,,,
105145,GateWay Community College,Phoenix,AZ,Public 2yr,,,Yes,,,,
495147,Gather 4 Him Christian College,Kennewick,WA,Private 2yr,,,Yes,,,,
114938,Gavilan College,Gilroy,CA,Public 2yr,,,Yes,,,,
101301,George C Wallace State Community College-Selma,Selma,AL,Public 2yr,,,,,Yes,,
447689,Georgia Gwinnett College,Lawrenceville,GA,Public 4yr,,Yes,Yes,,,,
485111,Georgia Military College,Milledgeville,GA,Public 4yr,,,,,Yes,,
244446,Georgia Piedmont Technical College,Clarkston,GA,Public 2yr,,,,,Yes,,
139940,Georgia State University,Atlanta,GA,Public 4yr,,Yes,,,Yes,,
244437,Georgia State University-Perimeter College,Atlanta,GA,Public 2yr,,Yes,,,Yes,,
104708,Glendale Community College,Glendale,AZ,Public 2yr,,,Yes,,,,
115001,Glendale Community College,Glendale,CA,Public 2yr,,,Yes,,,,
115126,Golden West College,Huntington Beach,CA,Public 2yr,,Yes,Yes,,,,
150668,Goshen College,Goshen,IN,Private 4yr,,,Yes,,,,
481058,Grace Mission University,Fullerton,CA,Private 4yr,,Yes,,,,,
159009,Grambling State University,Grambling,LA,Public 4yr,,,,,,Yes,
235343,Green River College,Auburn,WA,Public 4yr,,Yes,,,,,
115296,Grossmont College,El Cajon,CA,Public 2yr,,,Yes,,,,
240745,Guam Community College,Mangilao,GU,Public 4yr,,Yes,,,,,
102313,H Councill Trenholm State Community College,Montgomery,AL,Public 2yr,,,,,,Yes,
198640,Halifax Community College,Weldon,NC,Public 2yr,,,,,Yes,,
225201,Hallmark University,San Antonio,TX,Private 4yr,,,Yes,,,,
232265,Hampton University,Hampton,VA,Private 4yr,,,,,,Yes,
177551,Harris-Stowe State University,Saint Louis,MO,Public 4yr,,,,,,Yes,
115393,Hartnell College,Salinas,CA,Public 2yr,,,Yes,,,,
155140,Haskell Indian Nations University,Lawrence,KS,Public 4yr,,,,,,,Yes
383190,Hawaii Community College,Hilo,HI,Public 2yr,Yes,Yes,,,,,
141644,Hawaii Pacific University,Honolulu,HI,Private 4yr,Yes,Yes,,,,,
235422,Heritage University,Toppenish,WA,Private 4yr,,,Yes,,,,
459842,Herzing University-Kenosha,Kenosha,WI,Private 4yr,,Yes,Yes,,,,
174154,Herzing University-Minneapolis,St. Louis Park,MN,Private 4yr,,Yes,,,,,
134495,Hillsborough Community College,Tampa,FL,Public 2yr,,,Yes,,,,
175786,Hinds Community College,Raymond,MS,Public 2yr,,,,,Yes,Yes,
367884,Hodges University,Fort Myers,FL,Private 4yr,,,Yes,,,,
175810,Holmes Community College,Goodman,MS,Public 2yr,,,,,Yes,,
115728,Holy Names University,Oakland,CA,Private 4yr,,Yes,Yes,,,,
166133,Holyoke Community College,Holyoke,MA,Public 2yr,,,Yes,,,,
457086,Homestead Schools,Torrance,CA,Private 4yr,,Yes,,,,,
141680,Honolulu Community College,Honolulu,HI,Public 2yr,Yes,Yes,,,,,
120537,Hope International University,Fullerton,CA,Private 4yr,,,Yes,,,,
129543,Housatonic Community College,Bridgeport,CT,Public 2yr,,,Yes,,,,
225399,Houston Baptist University,Houston,TX,Private 4yr,,,Yes,,,,
225423,Houston Community College,Houston,TX,Public 2yr,,Yes,Yes,,,,
225520,Howard College,Big Spring,TX,Public 2yr,,,Yes,,,,
162779,Howard Community College,Columbia,MD,Public 2yr,,Yes,,,,,
225548,Howard Payne University,Brownwood,TX,Private 4yr,,,Yes,,,,
131520,Howard University,Washington,DC,Private 4yr,,,,,,Yes,
184995,Hudson County Community College,Jersey City,NJ,Public 2yr,,,Yes,,,,
242121,Humacao Community College,Humacao,PR,Private 4yr,,,Yes,,,,
115755,Humboldt State University,Arcata,CA,Public 4yr,,,Yes,,,,
115773,Humphreys University-Stockton and Modesto Campuses,Stockton,CA,Private 4yr,,Yes,Yes,,,,
225575,Huston-Tillotson University,Austin,TX,Private 4yr,,,Yes,,,Yes,
434584,Ilisagvik College,Barrow,AK,Public 4yr,Yes,Yes,,,,,Yes
115861,Imperial Valley College,Imperial,CA,Public 2yr,,,Yes,,,,
134608,Indian River State College,Fort Pierce,FL,Public 4yr,,,Yes,,,,
151360,Indiana University-Northwest,Gary,IN,Public 4yr,,,Yes,,,,
187745,Institute of American Indian and Alaska Native Culture and Arts Development,Santa Fe,NM,Public 4yr,,,,,,,Yes
242042,Instituto Tecnologico de Puerto Rico-Recinto de Manati,Manati,PR,Public 2yr,,,Yes,,,,
242565,Instituto Tecnologico de Puerto Rico-Recinto de Ponce,Ponce,PR,Public 2yr,,,Yes,,,,
242583,Instituto Tecnologico de Puerto Rico-Recinto de San Juan,San Juan,PR,Public 2yr,,,Yes,,,,
242626,Inter American University of Puerto Rico-Aguadilla,Aguadilla,PR,Private 4yr,,,Yes,,,,
242635,Inter American University of Puerto Rico-Arecibo,Arecibo,PR,Private 4yr,,,Yes,,,,
242644,Inter American University of Puerto Rico-Barranquitas,Barranquitas,PR,Private 4yr,,,Yes,,,,
242705,Inter American University of Puerto Rico-Bayamon,Bayamon,PR,Private 4yr,,,Yes,,,,
242680,Inter American University of Puerto Rico-Fajardo,Fajardo,PR,Private 4yr,,,Yes,,,,
242699,Inter American University of Puerto Rico-Guayama,Guayama,PR,Private 4yr,,,Yes,,,,
242653,Inter American University of Puerto Rico-Metro,San Juan,PR,Private 4yr,,,Yes,,,,
242662,Inter American University of Puerto Rico-Ponce,Mercedita,PR,Private 4yr,,,Yes,,,,
242617,Inter American University of Puerto Rico-San German,San German,PR,Private 4yr,,,Yes,,,,
116439,Irvine Valley College,Irvine,CA,Public 2yr,,Yes,,,,,
101462,J. F. Drake State Community and Technical College,Huntsville,AL,Public 2yr,,,,,,Yes,
175856,Jackson State University,Jackson,MS,Public 4yr,,,,,,Yes,
198729,James Sprunt Community College,Kenansville,NC,Public 2yr,,,Yes,,,,
225885,Jarvis Christian College,Hawkins,TX,Private 4yr,,,,,,Yes,
462354,John Paul the Great Catholic University,Escondido,CA,Private 4yr,,,Yes,,,,
445708,Johnson & Wales University-Charlotte,Charlotte,NC,Private 4yr,,,,,Yes,,
439288,Johnson & Wales University-Denver,Denver,CO,Private 4yr,,,Yes,,,,
217235,Johnson & Wales University-Providence,Providence,RI,Private 4yr,,,,,Yes,,
198756,Johnson C Smith University,Charlotte,NC,Private 4yr,,,,,,Yes,
132879,Johnson University Florida,Kissimmee,FL,Private 4yr,,,Yes,,,,
146339,Judson University,Elgin,IL,Private 4yr,,,Yes,,,,
141796,Kapiolani Community College,Honolulu,HI,Public 2yr,Yes,Yes,,,,,
141802,Kauai Community College,Lihue,HI,Public 2yr,Yes,Yes,,,,,
185262,Kean University,Union,NJ,Public 4yr,,,Yes,,,,
135081,Keiser University-Ft Lauderdale,Fort Lauderdale,FL,Private 4yr,,,Yes,,,,
157058,Kentucky State University,Frankfort,KY,Public 4yr,,,,,,Yes,
461315,Keweenaw Bay Ojibwa Community College,Baraga,MI,Public 2yr,,,,,,,Yes
117627,La Sierra University,Riverside,CA,Private 4yr,,Yes,Yes,,,,
260372,Lac Courte Oreilles Ojibwe College,Hayward,WI,Public 4yr,,,,,,,Yes
117168,Laguna College of Art and Design,Laguna Beach,CA,Private 4yr,,Yes,,,,,
117195,Lake Tahoe Community College,South Lake Tahoe,CA,Public 2yr,,,Yes,,,,
235699,Lake Washington Institute of Technology,Kirkland,WA,Public 4yr,,Yes,,,,,
127389,Lamar Community College,Lamar,CO,Public 2yr,,,Yes,,,,
226116,Lamar State College-Port Arthur,Port Arthur,TX,Public 2yr,,,Yes,,,,
220598,Lane College,Jackson,TN,Private 4yr,,,,,,Yes,
117247,Laney College,Oakland,CA,Public 2yr,,Yes,,,,,
207209,Langston University,Langston,OK,Public 4yr,,,,,,Yes,
226134,Laredo College,Laredo,TX,Public 4yr,,,Yes,,,,
366401,Las Positas College,Livermore,CA,Public 2yr,,Yes,Yes,,,,
117274,Lassen Community College,Susanville,CA,Public 2yr,,,Yes,,,,
101569,Lawson State Community College,Birmingham,AL,Public 2yr,,,,,,Yes,
220604,Le Moyne-Owen College,Memphis,TN,Private 4yr,,,,,,Yes,
226204,Lee College,Baytown,TX,Public 2yr,,,Yes,,,,
413626,Leech Lake Tribal College,Cass Lake,MN,Public 2yr,,,,,,,Yes
141811,Leeward Community College,Pearl City,HI,Public 2yr,,Yes,,,,,
213525,Lehigh Carbon Community College,Schnecksville,PA,Public 2yr,,,Yes,,,,
117104,Life Pacific University,San Dimas,CA,Private 4yr,,,Yes,,,,
218238,Limestone University,Gaffney,SC,Private 4yr,,,,,Yes,,
146676,Lincoln College,Lincoln,IL,Private 4yr,,,,,Yes,,
177940,Lincoln University,Jefferson City,MO,Public 4yr,,,,,,Yes,
213598,Lincoln University,Lincoln University,PA,Public 4yr,,,,,,Yes,
180328,Little Big Horn College,Crow Agency,MT,Public 2yr,,,,,,,Yes
434016,Little Priest Tribal College,Winnebago,NE,Public 2yr,,,,,,,Yes
198862,Livingstone College,Salisbury,NC,Private 4yr,,,,,,Yes,
117636,Loma Linda University,Loma Linda,CA,Private 4yr,,Yes,Yes,,,,
227182,Lone Star College System,The Woodlands,TX,Public 4yr,,,Yes,,,,
28,Lone Star College System - Montgomery,Conroe,TX,NULL,,,Yes,,,,
27,Lone Star College System - Tomball,Tomball,TX,NULL,,,Yes,,,,
117645,Long Beach City College,Long Beach,CA,Public 2yr,,Yes,Yes,,,,
192448,Long Island University,Brookville,NY,Private 4yr,,Yes,,,,,
117788,Los Angeles City College,Los Angeles,CA,Public 2yr,,Yes,Yes,,,,
117690,Los Angeles Harbor College,Wilmington,CA,Public 2yr,,Yes,Yes,,,,
117867,Los Angeles Mission College,Sylmar,CA,Public 2yr,,,Yes,,,,
474863,Los Angeles Pacific University,San Dimas,CA,Private 4yr,,,Yes,,,,
117706,Los Angeles Pierce College,Woodland Hills,CA,Public 2yr,,,Yes,,,,
117715,Los Angeles Southwest College,Los Angeles,CA,Public 2yr,,,Yes,,Yes,,
117724,Los Angeles Trade Technical College,Los Angeles,CA,Public 2yr,,,Yes,,,,
117733,Los Angeles Valley College,Valley Glen,CA,Public 2yr,,,Yes,,,,
159382,Louisiana State University-Alexandria,Alexandria,LA,Public 4yr,,,,Yes,,,
363633,Luna Community College,Las Vegas,NM,Public 2yr,,,Yes,,,,
192749,Manhattanville College,Purchase,NY,Private 4yr,,,Yes,,,,
118541,Marymount California University,Rancho Palos Verdes,CA,Private 4yr,,,Yes,,,,
232706,Marymount University,Arlington,VA,Private 4yr,,,Yes,,,,
226578,McLennan Community College,Waco,TX,Public 2yr,,,Yes,,,,
226587,McMurry University,Abilene,TX,Private 4yr,,,Yes,,,,
220792,Meharry Medical College,Nashville,TN,Private 4yr,,,,,,Yes,
118684,Mendocino College,Ukiah,CA,Public 2yr,,,Yes,,,,
118718,Merced College,Merced,CA,Public 2yr,,,Yes,,,,
193016,Mercy College,Dobbs Ferry,NY,Private 4yr,,,Yes,,,,
175935,Meridian Community College,Meridian,MS,Public 2yr,,,,,Yes,,
118772,Merritt College,Oakland,CA,Public 2yr,,Yes,Yes,,,,
105154,Mesa Community College,Mesa,AZ,Public 2yr,,,Yes,,,,
190114,Metropolitan College of New York,New York,NY,Private 4yr,,,Yes,,Yes,,
174020,Metropolitan State University,Saint Paul,MN,Public 4yr,,Yes,,,,,
127565,Metropolitan State University of Denver,Denver,CO,Public 4yr,,,Yes,,,,
135717,Miami Dade College,Miami,FL,Public 4yr,,,Yes,,,,
27,Miami Dade College - North Campus                                     ,Miami,FL,NULL,,,Yes,,,,
29,Miami Dade College - Wolfson Campus                                  ,Miami,FL,NULL,,,Yes,,,,
166887,Middlesex Community College,Bedford,MA,Public 2yr,,Yes,,,,,
185536,Middlesex County College,Edison,NJ,Public 2yr,,Yes,Yes,,,,
101675,Miles College,Fairfield,AL,Private 4yr,,,,,,Yes,
118912,MiraCosta College,Oceanside,CA,Public 4yr,,,Yes,,,,
118930,Mission College,Santa Clara,CA,Public 2yr,,Yes,Yes,,,,
176008,Mississippi Delta Community College,Moorhead,MS,Public 2yr,,,,,Yes,,
176044,Mississippi Valley State University,Itta Bena,MS,Public 4yr,,,,,,Yes,
118976,Modesto Junior College,Modesto,CA,Public 4yr,,,Yes,,,,
105206,Mohave Community College,Kingman,AZ,Public 2yr,,,Yes,,,,
180522,Montana State University-Northern,Havre,MT,Public 4yr,,,,Yes,,,
185590,Montclair State University,Montclair,NJ,Public 4yr,,,Yes,,,,
437705,Monteclaro Escuela de Hoteleria y Artes Culinarias,Rio Grande,PR,Private 2yr,,,Yes,,,,
119067,Monterey Peninsula College,Monterey,CA,Public 2yr,,,Yes,,,,
163426,Montgomery College,Rockville,MD,Public 2yr,,Yes,Yes,,,,
119137,Moorpark College,Moorpark,CA,Public 2yr,,,Yes,,,,
140553,Morehouse College,Atlanta,GA,Private 4yr,,,,,,Yes,
140562,Morehouse School of Medicine,Atlanta,GA,Private 4yr,,,,,,Yes,
460394,Moreno Valley College,Moreno Valley,CA,Public 2yr,,,Yes,,,,
127617,Morgan Community College,Fort  Morgan,CO,Public 4yr,,,Yes,,,,
163453,Morgan State University,Baltimore,MD,Public 4yr,,,,,,Yes,
218399,Morris College,Sumter,SC,Private 4yr,,,,,,Yes,
147411,Morton College,Cicero,IL,Public 2yr,,,Yes,,,,
239390,Mount Mary University,Milwaukee,WI,Private 4yr,,,Yes,,,,
119173,Mount Saint Mary's University,Los Angeles,CA,Private 4yr,,Yes,Yes,,,,
119164,Mt San Antonio College,Walnut,CA,Public 2yr,,Yes,Yes,,,,
119216,Mt San Jacinto Community College District,San Jacinto,CA,Public 2yr,,,Yes,,,,
119331,Napa Valley College,Napa,CA,Public 2yr,,Yes,Yes,,,,
193478,Nassau Community College,Garden City,NY,Public 2yr,,,Yes,,,,
147536,National Louis University,Chicago,IL,Private 4yr,,,Yes,,,,
119605,National University,La Jolla,CA,Private 4yr,,,Yes,,,,
147590,National University of Health Sciences,Lombard,IL,Private 4yr,,Yes,,,,,
187596,Navajo Technical University,Crownpoint,NM,Public 4yr,,,,,,,Yes
181419,Nebraska Indian Community College,Macy,NE,Public 2yr,,,,,,,Yes
441900,Nevada State College,Henderson,NV,Public 4yr,,Yes,Yes,,,,
208725,New Hope Christian College-Eugene,Eugene,OR,Private 4yr,,Yes,Yes,,,,
185129,New Jersey City University,Jersey City,NJ,Public 4yr,,,Yes,,,,
187897,New Mexico Highlands University,Las Vegas,NM,Public 4yr,,,Yes,,,,
187967,New Mexico Institute of Mining and Technology,Socorro,NM,Public 4yr,,,Yes,,,,
187994,New Mexico State University-Alamogordo,Alamogordo,NM,Public 2yr,,,Yes,,,,
188003,New Mexico State University-Carlsbad,Carlsbad,NM,Public 2yr,,,Yes,,,,
187620,New Mexico State University-Dona Ana,Las Cruces,NM,Public 2yr,,,Yes,,,,
188021,New Mexico State University-Grants,Grants,NM,Public 2yr,,,Yes,Yes,,,
188030,New Mexico State University-Main Campus,Las Cruces,NM,Public 4yr,,,Yes,,,,
418126,New York College of Health Professions,Syosset,NY,Private 4yr,,Yes,,,,,
194091,New York Institute of Technology,Old Westbury,NY,Private 4yr,,Yes,,,,,
460464,Norco College,Norco,CA,Public 2yr,,Yes,Yes,,,,
232937,Norfolk State University,Norfolk,VA,Public 4yr,,,,,,Yes,
199102,North Carolina A & T State University,Greensboro,NC,Public 4yr,,,,,,Yes,
199157,North Carolina Central University,Durham,NC,Public 4yr,,,,,,Yes,
199209,North Carolina Wesleyan College,Rocky Mount,NC,Private 4yr,,,,,Yes,,
224110,North Central Texas College,Gainesville,TX,Public 2yr,,,Yes,,,,
174376,North Hennepin Community College,Brooklyn Park,MN,Public 2yr,,Yes,,,,,
147679,North Park University,Chicago,IL,Private 4yr,,,Yes,,,,
236072,North Seattle College,Seattle,WA,Public 4yr,,Yes,,,,,
167312,North Shore Community College,Danvers,MA,Public 2yr,,,Yes,,,,
214379,Northampton County Area Community College,Bethlehem,PA,Public 2yr,,,Yes,,,,
488730,Northeast Lakeview College,Universal City,TX,Public 2yr,,,Yes,,,,
227225,Northeast Texas Community College,Mount Pleasant,TX,Public 2yr,,,Yes,,,,
147776,Northeastern Illinois University,Chicago,IL,Public 4yr,,,Yes,,,,
207290,Northeastern Oklahoma A&M College,Miami,OK,Public 2yr,,,,Yes,,,
207263,Northeastern State University,Tahlequah,OK,Public 4yr,,,,Yes,,,
217837,Northeastern Technical College,Cheraw,SC,Public 2yr,,,,,Yes,,
105330,Northern Arizona University,Flagstaff,AZ,Public 4yr,,,Yes,,,,
167376,Northern Essex Community College,Haverhill,MA,Public 2yr,,,Yes,,,,
240790,Northern Marianas College,Saipan,MP,Public 4yr,,Yes,,,,,
188058,Northern New Mexico College,Espanola,NM,Public 4yr,,,Yes,,,,
207281,Northern Oklahoma College,Tonkawa,OK,Public 2yr,,,,Yes,,,
232946,Northern Virginia Community College,Annandale,VA,Public 2yr,,Yes,,,,,
105349,Northland Pioneer College,Holbrook,AZ,Public 2yr,,,,Yes,,,
380377,Northwest Indian College,Bellingham,WA,Public 4yr,,,,,,,Yes
160010,Northwest Louisiana Technical Community College,Minden,LA,Public 2yr,,,,,Yes,,
420398,Northwest Vista College,San Antonio,TX,Public 2yr,,,Yes,,,,
130004,Norwalk Community College,Norwalk,CT,Public 2yr,,,Yes,,,,
120184,Notre Dame de Namur University,Belmont,CA,Private 4yr,,Yes,,,,,
120184,Notre Dame de Namur University,Belmont,CA,Private 4yr,,,Yes,,,,
136215,Nova Southeastern University,Fort Lauderdale,FL,Private 4yr,,Yes,Yes,,,,
200086,Nueta Hidatsa Sahnish College,New Town,ND,Public 4yr,,,,,,,Yes
158884,Nunez Community College,Chalmette,LA,Public 2yr,,,,,Yes,,
194161,Nyack College,New York,NY,Private 4yr,,,Yes,,,,
147800,Oakton Community College,Des Plaines,IL,Public 2yr,,Yes,,,,,
101912,Oakwood University,Huntsville,AL,Private 4yr,,,,,,Yes,
420431,Oconee Fall Line Technical College,Sandersville,GA,Public 2yr,,,,,Yes,,
227304,Odessa College,Odessa,TX,Public 4yr,,,Yes,,,,
219277,Oglala Lakota College,Kyle,SD,Public 4yr,,,,,,,Yes
120290,Ohlone College,Fremont,CA,Public 2yr,,Yes,,,,,
207351,Oklahoma Panhandle State University,Goodwell,OK,Public 4yr,,,Yes,,,,
207564,Oklahoma State University Institute of Technology,Okmulgee,OK,Public 4yr,,,,Yes,,,
120342,Orange Coast College,Costa Mesa,CA,Public 2yr,,Yes,Yes,,,,
194240,Orange County Community College,Middletown,NY,Public 2yr,,,Yes,,,,
218487,Orangeburg Calhoun Technical College,Orangeburg,SC,Public 2yr,,,,,Yes,,
127778,Otero Junior College,La Junta,CO,Public 2yr,,,Yes,,,,
120403,Otis College of Art and Design,Los Angeles,CA,Private 4yr,,Yes,,,,,
105367,Ottawa University-Phoenix,Phoenix,AZ,Private 4yr,,,Yes,,,,
464226,Ottawa University-Surprise,Surprise,AZ,Private 4yr,,,Yes,,,,
227331,Our Lady of the Lake University,San Antonio,TX,Private 4yr,,,Yes,,,,
120421,Oxnard College,Oxnard,CA,Public 2yr,,,Yes,,,,
439862,Pacific Islands University,Mangilao,GU,Private 4yr,,Yes,,,,,
120768,Pacific Oaks College,Pasadena,CA,Private 4yr,,,Yes,,,,
457484,Pacific Rim Christian University,Honolulu,HI,Private 4yr,Yes,Yes,,,,,
120865,Pacific Union College,Angwin,CA,Private 4yr,,Yes,Yes,,,,
209612,Pacific University,Forest Grove,OR,Private 4yr,,Yes,,,,,
140720,Paine College,Augusta,GA,Private 4yr,,,,,,Yes,
243647,Palau Community College,Koror,PW,Public 2yr,,Yes,,,,,
136358,Palm Beach State College,Lake Worth,FL,Public 4yr,,,Yes,,,,
246354,Palo Alto College,San Antonio,TX,Public 2yr,,,Yes,,,,
120698,Palo Alto University,Palo Alto,CA,Private 4yr,,Yes,Yes,,,,
120953,Palo Verde College,Blythe,CA,Public 2yr,,,Yes,,,,
120971,Palomar College,San Marcos,CA,Public 2yr,,,Yes,,,,
364016,Paradise Valley Community College,Phoenix,AZ,Public 2yr,,,Yes,,,,
121044,Pasadena City College,Pasadena,CA,Public 2yr,,Yes,Yes,,,,
186034,Passaic County Community College,Paterson,NJ,Public 2yr,,,Yes,,,,
227429,Paul Quinn College,Dallas,TX,Private 4yr,,,,,,Yes,
214883,Peirce College,Philadelphia,PA,Private 4yr,,,,,Yes,,
236212,Perry Technical Institute,Yakima,WA,Private 2yr,,,Yes,,,,
107600,Philander Smith College,Little Rock,AR,Private 4yr,,,,,,Yes,
107619,Phillips Community College of the University of Arkansas,Helena,AR,Public 2yr,,,,,Yes,,
105428,Phoenix College,Phoenix,AZ,Public 2yr,,,Yes,,,,
235237,Pierce College District,Lakewood,WA,Public 4yr,,Yes,,,,,
440794,Pillar College,Newark,NJ,Private 4yr,,,Yes,,,,
105525,Pima Community College,Tucson,AZ,Public 2yr,,,Yes,,,,
19,Pima County Community College - East Campus                           ,Tucson,AZ,NULL,,,Yes,,,,
136516,Polk State College,Winter Haven,FL,Public 4yr,,,Yes,,,,
456481,Polytechnic University of Puerto Rico-Miami,Miami,FL,Private 4yr,,,Yes,,,,
456490,Polytechnic University of Puerto Rico-Orlando,Orlando,FL,Private 4yr,,,Yes,,,,
241395,Pontifical Catholic University of Puerto Rico-Arecibo,Arecibo,PR,Private 4yr,,,Yes,,,,
243586,Pontifical Catholic University of Puerto Rico-Mayaguez,Mayaguez,PR,Private 4yr,,,Yes,,,,
241410,Pontifical Catholic University of Puerto Rico-Ponce,Ponce,PR,Private 4yr,,,Yes,,,,
121363,Porterville College,Porterville,CA,Public 2yr,,,Yes,,,,
209807,Portland State University,Portland,OR,Public 4yr,,Yes,,,,,
227526,Prairie View A & M University,Prairie View,TX,Public 4yr,,,,,,Yes,
490045,Presbyterian Theological Seminary in America,Santa Fe Springs,CA,Private 4yr,,Yes,,,,,
163657,Prince George's Community College,Largo,MD,Public 2yr,,,,,Yes,,
455770,Providence Christian College,Pasadena,CA,Private 4yr,,,Yes,,,,
127884,Pueblo Community College,Pueblo,CO,Public 4yr,,,Yes,,,,
227687,Ranger College,Ranger,TX,Public 2yr,,,Yes,,,,
186645,Raritan Valley Community College,Branchburg,NJ,Public 2yr,,,Yes,,,,
215585,Reading Area Community College,Reading,PA,Public 2yr,,,Yes,,,,
491844,Red Lake Nation College,Red Lake,MN,Public 2yr,,,,,,,Yes
207069,Redlands Community College,El Reno,OK,Public 2yr,,,,Yes,,,
117052,Reedley College,Reedley,CA,Public 2yr,,,Yes,,,,
223463,Remington College-Dallas Campus,Garland,TX,Private 4yr,,,Yes,,,,
451857,Remington College-Houston Southeast Campus,Webster,TX,Private 2yr,,,Yes,,,,
445249,Remington College-Nashville Campus,Nashville,TN,Private 2yr,,Yes,,,,,
445203,Remington College-North Houston Campus,Houston,TX,Private 4yr,,,Yes,,,,
149763,Resurrection University,Chicago,IL,Private 4yr,,Yes,Yes,,,,
217420,Rhode Island College,Providence,RI,Public 4yr,,,Yes,,,,
199449,Richmond Community College,Hamlet,NC,Public 2yr,,,,Yes,,,
121886,Rio Hondo College,Whittier,CA,Public 4yr,,,Yes,,,,
105668,Rio Salado College,Tempe,AZ,Public 2yr,,,Yes,,,,
121901,Riverside City College,Riverside,CA,Public 2yr,,,Yes,,,,
199476,Robeson Community College,Lumberton,NC,Public 2yr,,,,Yes,,,
195058,Rockland Community College,Suffern,NY,Public 2yr,,,Yes,,,,
207661,Rogers State University,Claremore,OK,Public 4yr,,,,Yes,,,
148487,Roosevelt University,Chicago,IL,Private 4yr,,,Yes,,,,
167631,Roxbury Community College,Roxbury Crossing,MA,Public 2yr,,,,,Yes,,
176318,Rust College,Holly Springs,MS,Private 4yr,,,,,,Yes,
186371,Rutgers University-Camden,Camden,NJ,Public 4yr,,Yes,,,,,
186399,Rutgers University-Newark,Newark,NJ,Public 4yr,,Yes,Yes,,,,
122180,Sacramento City College,Sacramento,CA,Public 2yr,,Yes,Yes,,,,
122205,Saddleback College,Mission Viejo,CA,Public 2yr,,Yes,Yes,,,,
441070,Saginaw Chippewa Tribal College,Mount Pleasant,MI,Public 2yr,,,,,,,Yes
148876,Saint Augustine College,Chicago,IL,Private 4yr,,,Yes,,,,
199582,Saint Augustine's University,Raleigh,NC,Private 4yr,,,,,,Yes,
227845,Saint Edward's University,Austin,TX,Private 4yr,,,Yes,,,,
186618,Saint Elizabeth University,Morristown,NJ,Private 4yr,,,Yes,,,,
236452,Saint Martin's University,Lacey,WA,Private 4yr,,Yes,,,,,
123554,Saint Mary's College of California,Moraga,CA,Private 4yr,,Yes,Yes,,,,
175041,Saint Paul College,Saint Paul,MN,Public 2yr,,Yes,,,,,
186432,Saint Peter's University,Jersey City,NJ,Private 4yr,,,Yes,,,,
148627,Saint Xavier University,Chicago,IL,Private 4yr,,,Yes,,,,
180647,Salish Kootenai College,Pablo,MT,Public 4yr,,,,,,,Yes
227881,Sam Houston State University,Huntsville,TX,Public 4yr,,,Yes,,,,
199625,Sampson Community College,Clinton,NC,Public 2yr,,,Yes,,,,
227924,San Antonio College,San Antonio,TX,Public 2yr,,,Yes,,,,
123527,San Bernardino Valley College,San Bernardino,CA,Public 2yr,,,Yes,,,,
112084,San Diego Christian College,Santee,CA,Private 4yr,,,Yes,,,,
122339,San Diego City College,San Diego,CA,Public 2yr,,Yes,Yes,,,,
122375,San Diego Mesa College,San Diego,CA,Public 4yr,,Yes,Yes,,,,
122384,San Diego Miramar College,San Diego,CA,Public 2yr,,Yes,Yes,,,,
122409,San Diego State University,San Diego,CA,Public 4yr,,Yes,Yes,,,,
122597,San Francisco State University,San Francisco,CA,Public 4yr,,Yes,Yes,,,,
227979,San Jacinto Community College,Pasadena,TX,Public 4yr,,,Yes,,,,
122658,San Joaquin Delta College,Stockton,CA,Public 2yr,,Yes,Yes,,,,
122746,San Jose City College,San Jose,CA,Public 2yr,,Yes,Yes,,,,
122755,San Jose State University,San Jose,CA,Public 4yr,,Yes,Yes,,,,
430670,San Juan Bautista School of Medicine,Caguas,PR,Private 4yr,,,Yes,,,,
188100,San Juan College,Farmington,NM,Public 2yr,,,,Yes,,,
121619,Santa Ana College,Santa Ana,CA,Public 4yr,,,Yes,,,,
122889,Santa Barbara City College,Santa Barbara,CA,Public 2yr,,,Yes,,,,
188137,Santa Fe Community College,Santa Fe,NM,Public 2yr,,,Yes,,,,
122977,Santa Monica College,Santa Monica,CA,Public 4yr,,,Yes,,,,
123013,Santa Rosa Junior College,Santa Rosa,CA,Public 2yr,,,Yes,,,,
399212,Santiago Canyon College,Orange,CA,Public 2yr,,,Yes,,,,
140960,Savannah State University,Savannah,GA,Public 4yr,,,,,,Yes,
140942,Savannah Technical College,Savannah,GA,Public 2yr,,,,,Yes,,
195322,Schenectady County Community College,Schenectady,NY,Public 2yr,,Yes,,,,,
228042,Schreiner University,Kerrville,TX,Private 4yr,,,Yes,,,,
236513,Seattle Central College,Seattle,WA,Public 4yr,,Yes,,,,,
207740,Seminole State College,Seminole,OK,Public 2yr,,,,Yes,,,
137209,Seminole State College of Florida,Sanford,FL,Public 4yr,,,Yes,,,,
155858,Seward County Community College,Liberal,KS,Public 2yr,,,Yes,,,,
199643,Shaw University,Raleigh,NC,Private 4yr,,,,,,Yes,
102067,Shelton State Community College,Tuscaloosa,AL,Public 2yr,,,,,,Yes,
236610,Shoreline Community College,Shoreline,WA,Public 2yr,,Yes,,,,,
107840,Shorter College,N Little Rock,AR,Private 2yr,,,,,,Yes,
461759,Simmons College of Kentucky,Louisville,KY,Private 4yr,,,,,,Yes,
123457,Simpson University,Redding,CA,Private 4yr,,,Yes,,,,
219374,Sinte Gleska University,Mission,SD,Public 4yr,,,,,,,Yes
219408,Sisseton Wahpeton College,Sisseton,SD,Public 2yr,,,,,,,Yes
200466,Sitting Bull College,Fort Yates,ND,Public 4yr,,,,,,,Yes
123509,Skyline College,San Bruno,CA,Public 2yr,,,Yes,,,,
123563,Solano Community College,Fairfield,CA,Public 4yr,,Yes,Yes,,,,
123572,Sonoma State University,Rohnert Park,CA,Public 4yr,,,Yes,,,,
218733,South Carolina State University,Orangeburg,SC,Public 4yr,,,,,,Yes,
137315,South Florida State College,Avon Park,FL,Public 4yr,,,Yes,,,,
141006,South Georgia Technical College,Americus,GA,Public 2yr,,,,,Yes,,
434061,South Louisiana Community College,Lafayette,LA,Public 2yr,,,,,Yes,,
105792,South Mountain Community College,Phoenix,AZ,Public 2yr,,,Yes,,,,
228158,South Plains College,Levelland,TX,Public 2yr,,,Yes,,,,
236504,South Seattle College,Seattle,WA,Public 4yr,,Yes,,,,,
149365,South Suburban College,South Holland,IL,Public 2yr,,,,,Yes,,
409315,South Texas College,McAllen,TX,Public 4yr,,,Yes,,,,
107637,Southeast Arkansas College,Pine Bluff,AR,Public 2yr,,,Yes,,Yes,,
207847,Southeastern Oklahoma State University,Durant,OK,Public 4yr,,,,Yes,,,
221661,Southern Adventist University,Collegedale,TN,Private 4yr,,Yes,Yes,,,,
117575,Southern California Seminary,El Cajon,CA,Private 4yr,,,Yes,,,,
139986,Southern Crescent Technical College,Griffin,GA,Public 2yr,,,,,Yes,,
160621,Southern University and A & M College,Baton Rouge,LA,Public 4yr,,,,,,Yes,
160630,Southern University at New Orleans,New Orleans,LA,Public 4yr,,,,,,Yes,
160649,Southern University at Shreveport,Shreveport,LA,Public 2yr,,,,,,Yes,
176354,Southwest Mississippi Community College,Summit,MS,Public 2yr,,,,,Yes,,
221485,Southwest Tennessee Community College,Memphis,TN,Public 2yr,,,,,Yes,,
228316,Southwest Texas Junior College,Uvalde,TX,Public 2yr,,,Yes,,,,
228468,Southwestern Adventist University,Keene,TX,Private 4yr,,,Yes,,,,
228486,Southwestern Christian College,Terrell,TX,Private 4yr,,,,,,Yes,
123800,Southwestern College,Chula Vista,CA,Public 2yr,,Yes,Yes,,,,
188216,Southwestern Indian Polytechnic Institute,Albuquerque,NM,Public 2yr,,,,,,,Yes
141060,Spelman College,Atlanta,GA,Private 4yr,,,,,,Yes,
167905,Springfield Technical Community College,Springfield,MA,Public 2yr,,,Yes,,,,
175005,St Catherine University,Saint Paul,MN,Private 4yr,,Yes,,,,,
195173,St Francis College,Brooklyn Heights,NY,Private 4yr,,,Yes,,,,
227854,St Philip's College,San Antonio,TX,Public 2yr,,,,,,Yes,
195809,St. John's University-New York,Queens,NY,Private 4yr,,Yes,,,,,
228149,St. Mary's University,San Antonio,TX,Private 4yr,,,Yes,,,,
137476,St. Thomas University,Miami Gardens,FL,Private 4yr,,,Yes,,,,
438151,Stevens-Henager College,Murray,UT,Private 4yr,,,Yes,,,,
102270,Stillman College,Tuscaloosa,AL,Private 4yr,,,,,,Yes,
366340,Stone Child College,Box Elder,MT,Public 4yr,,,,,,,Yes
228501,Sul Ross State University,Alpine,TX,Public 4yr,,,Yes,,,,
447953,SUM Bible College and Theological Seminary,El Dorado Hills,CA,Private 4yr,,Yes,Yes,,,,
196219,SUNY at Purchase College,Purchase,NY,Public 4yr,,,Yes,,,,
196237,SUNY College at Old Westbury,Old Westbury,NY,Public 4yr,,Yes,Yes,,,,
197294,SUNY Westchester Community College,Valhalla,NY,Public 2yr,,,Yes,,,,
124113,Taft College,Taft,CA,Public 2yr,,,Yes,,,,
102298,Talladega College,Talladega,AL,Private 4yr,,,,,,Yes,
228547,Tarrant County College District,Fort Worth,TX,Public 2yr,,,Yes,,,,
228608,Temple College,Temple,TX,Public 2yr,,,Yes,,,,
221838,Tennessee State University,Nashville,TN,Public 4yr,,,,,,Yes,
226152,Texas A & M International University,Laredo,TX,Public 4yr,,,Yes,,,,
228723,Texas A & M University-College Station,College Station,TX,Public 4yr,,,Yes,,,,
224147,Texas A & M University-Corpus Christi,Corpus Christi,TX,Public 4yr,,,Yes,,,,
228705,Texas A & M University-Kingsville,Kingsville,TX,Public 4yr,,,Yes,,,,
483036,Texas A&M University-Central Texas,Killeen,TX,Public 4yr,,,Yes,,,,
459949,Texas A&M University-San Antonio,San Antonio,TX,Public 4yr,,,Yes,,,,
228884,Texas College,Tyler,TX,Private 4yr,,,,,,Yes,
228981,Texas Lutheran University,Seguin,TX,Private 4yr,,,Yes,,,,
229063,Texas Southern University,Houston,TX,Public 4yr,,,,,,Yes,
227377,Texas Southmost College,Brownsville,TX,Public 2yr,,,Yes,,,,
487320,Texas State Technical College,Waco,TX,Public 2yr,,,Yes,,,,
228459,Texas State University,San Marcos,TX,Public 4yr,,,Yes,,,,
229115,Texas Tech University,Lubbock,TX,Public 4yr,,,Yes,,,,
229337,Texas Tech University Health Sciences Center,Lubbock,TX,Public 4yr,,,Yes,,,,
492689,Texas Tech University Health Sciences Center-El Paso,El Paso,TX,Public 4yr,,,Yes,,,,
229160,Texas Wesleyan University,Fort Worth,TX,Private 4yr,,,Yes,,,,
229179,Texas Woman's University,Denton,TX,Public 4yr,,,Yes,,,,
143978,The Chicago School of Professional Psychology at Chicago,Chicago,IL,Private 4yr,,,Yes,,,,
455664,The Chicago School of Professional Psychology at Los Angeles,Los Angeles,CA,Private 4yr,,,Yes,,,,
133960,The College of the Florida Keys,Key West,FL,Public 4yr,,,Yes,,,,
228769,The University of Texas at Arlington,Arlington,TX,Public 4yr,,Yes,Yes,,,,
228778,The University of Texas at Austin,Austin,TX,Public 4yr,,Yes,Yes,,,,
228796,The University of Texas at El Paso,El Paso,TX,Public 4yr,,,Yes,,,,
229027,The University of Texas at San Antonio,San Antonio,TX,Public 4yr,,,Yes,,,,
228644,The University of Texas Health Science Center at San Antonio,San Antonio,TX,Public 4yr,,,Yes,,,,
229018,The University of Texas Permian Basin,Odessa,TX,Public 4yr,,,Yes,,,,
227368,The University of Texas Rio Grande Valley,Edinburg,TX,Public 4yr,,,Yes,,,,
442781,Tohono O'odham Community College,Sells,AZ,Public 2yr,,,,,,,Yes
176406,Tougaloo College,Tougaloo,MS,Private 4yr,,,,,,Yes,
210234,Treasure Valley Community College,Ontario,OR,Public 2yr,,,Yes,,,,
128258,Trinidad State Junior College,Trinidad,CO,Public 2yr,,,Yes,,,,
431929,Trinity College of Puerto Rico,Ponce,PR,Private 2yr,,,Yes,,,,
135610,Trinity International University-Florida,Miami,FL,Private 4yr,,,Yes,,,,
225308,Trinity Valley Community College,Athens,TX,Public 2yr,,,Yes,,,,
131876,Trinity Washington University,Washington,DC,Private 4yr,,,Yes,,Yes,,
149532,Triton College,River Grove,IL,Public 2yr,,,Yes,,,,
182500,Truckee Meadows Community College,Reno,NV,Public 4yr,,,Yes,,,,
200527,Turtle Mountain Community College,Belcourt,ND,Private 4yr,,,,,,,Yes
102377,Tuskegee University,Tuskegee,AL,Private 4yr,,,,,,Yes,
441371,Ultimate Medical Academy,Clearwater,FL,Private 2yr,,,,,Yes,,
187198,Union County College,Cranford,NJ,Public 2yr,,,Yes,,,,
206279,Union Institute & University,Cincinnati,OH,Private 4yr,,,Yes,,,,
200554,United Tribes Technical College,Bismarck,ND,Private 4yr,,,,,,,Yes
376385,Universal Technology College of Puerto Rico,Aguadilla,PR,Private 4yr,,,Yes,,,,
241191,Universidad Adventista de las Antillas,Mayaguez,PR,Private 4yr,,,Yes,,,,
243346,Universidad Ana G. Mendez-Carolina Campus,Carolina,PR,Private 4yr,,,Yes,,,,
241739,Universidad Ana G. Mendez-Cupey Campus,San Juan,PR,Private 4yr,,,Yes,,,,
243601,Universidad Ana G. Mendez-Gurabo Campus,Gurabo,PR,Private 4yr,,,Yes,,,,
483595,Universidad Ana G. Mendez-Online Campus,San Juan,PR,Private 4yr,,,Yes,,,,
241225,Universidad Central de Bayamon,BayamÃ³n,PR,Private 4yr,,,Yes,,,,
243568,Universidad Central Del Caribe,Bayamon,PR,Private 4yr,,,Yes,,,,
243443,Universidad del Sagrado Corazon,Santurce,PR,Private 4yr,,,Yes,,,,
441690,Universidad Pentecostal Mizpa,Rio Piedras,PR,Private 4yr,,,Yes,,,,
243577,Universidad Politecnica de Puerto Rico,Hato Rey,PR,Private 4yr,,,Yes,,,,
241614,Universidad Teologica del Caribe,Trujillo Alto,PR,Private 4yr,,,Yes,,,,
67,University of Alaska at Fairbanks - Northwest Community College       ,Nome,AK,NULL,Yes,,,,,,
102614,University of Alaska Fairbanks,Fairbanks,AK,Public 4yr,Yes,,,Yes,,,
65,University of Alaska Fairbanks - Chukchi Campus                       ,Kotzebue,AK,NULL,Yes,,,,,,
69,University of Alaska Fairbanks - Interior Alaska Campus,Faribanks,AK,NULL,Yes,,,,,,
66,University of Alaska Fairbanks - Kuskokwin Campus                     ,Bethel,AK,NULL,Yes,,,,,,
102632,University of Alaska Southeast,Juneau,AK,Public 4yr,Yes,,,Yes,,,
104179,University of Arizona,Tucson,AZ,Public 4yr,,,Yes,,,,
106412,University of Arkansas at Pine Bluff,Pine Bluff,AR,Public 4yr,,,,,,Yes,
107664,University of Arkansas-Pulaski Technical College,North Little Rock,AR,Public 2yr,,,,,Yes,,
161873,University of Baltimore,Baltimore,MD,Public 4yr,,,,,Yes,,
128744,University of Bridgeport,Bridgeport,CT,Private 4yr,,,Yes,,,,
110644,University of California-Davis,Davis,CA,Public 4yr,,Yes,,,,,
110653,University of California-Irvine,Irvine,CA,Public 4yr,,Yes,Yes,,,,
445188,University of California-Merced,Merced,CA,Public 4yr,,Yes,Yes,,,,
110671,University of California-Riverside,Riverside,CA,Public 4yr,,Yes,Yes,,,,
110680,University of California-San Diego,La Jolla,CA,Public 4yr,,Yes,,,,,
110705,University of California-Santa Barbara,Santa Barbara,CA,Public 4yr,,Yes,Yes,,,,
110714,University of California-Santa Cruz,Santa Cruz,CA,Public 4yr,,Yes,Yes,,,,
132903,University of Central Florida,Orlando,FL,Public 4yr,,,Yes,,,,
463056,University of Connecticut-Hartford Campus,Hartford,CT,Public 4yr,,Yes,,,,,
436836,University of Connecticut-Stamford,Stamford,CT,Public 4yr,,Yes,Yes,,,,
436818,University of Connecticut-Waterbury Campus,Waterbury,CT,Public 4yr,,Yes,Yes,,,,
240754,University of Guam,Mangilao,GU,Public 4yr,,Yes,,,,,
141565,University of Hawaii at Hilo,Hilo,HI,Public 4yr,Yes,Yes,,,,,
141574,University of Hawaii at Manoa,Honolulu,HI,Public 4yr,Yes,Yes,,,,,
141839,University of Hawaii Maui College,Kahului,HI,Public 4yr,Yes,Yes,,,,,
141981,University of Hawaii-West Oahu,Kapolei,HI,Public 4yr,Yes,Yes,,,,,
225511,University of Houston,Houston,TX,Public 4yr,,Yes,Yes,,,,
225414,University of Houston-Clear Lake,Houston,TX,Public 4yr,,,Yes,,,,
225432,University of Houston-Downtown,Houston,TX,Public 4yr,,,Yes,,,,
225502,University of Houston-Victoria,Victoria,TX,Public 4yr,,,Yes,,,,
145600,University of Illinois Chicago,Chicago,IL,Public 4yr,,Yes,Yes,,,,
117140,University of La Verne,La Verne,CA,Private 4yr,,,Yes,,,,
163338,University of Maryland Eastern Shore,Princess Anne,MD,Public 4yr,,,,,,Yes,
163268,University of Maryland-Baltimore County,Baltimore,MD,Public 4yr,,Yes,,,,,
166638,University of Massachusetts-Boston,Boston,MA,Public 4yr,,Yes,,,,,
166513,University of Massachusetts-Lowell,Lowell,MA,Public 4yr,,Yes,,,,,
174251,University of Minnesota-Morris,Morris,MN,Public 4yr,,,,Yes,,,
174066,University of Minnesota-Twin Cities,Minneapolis,MN,Public 4yr,,Yes,,,,,
182281,University of Nevada-Las Vegas,Las Vegas,NV,Public 4yr,,Yes,Yes,,,,
187958,University of New Mexico-Gallup Campus,Gallup,NM,Public 2yr,,,Yes,Yes,,,
187976,University of New Mexico-Los Alamos Campus,Los Alamos,NM,Public 2yr,,,Yes,,,,
187985,University of New Mexico-Main Campus,Albuquerque,NM,Public 4yr,,,Yes,,,,
188225,University of New Mexico-Taos Campus,Ranchos de Taos,NM,Public 2yr,,,Yes,,,,
188049,University of New Mexico-Valencia County Campus,Los Lunas,NM,Public 2yr,,,Yes,,,,
199281,University of North Carolina at Pembroke,Pembroke,NC,Public 4yr,,,,Yes,,,
227216,University of North Texas,Denton,TX,Public 4yr,,,Yes,,,,
484905,University of North Texas at Dallas,Dallas,TX,Public 4yr,,,Yes,,,,
243106,University of Puerto Rico-Aguadilla,Aguadilla,PR,Public 4yr,,,Yes,,,,
243115,University of Puerto Rico-Arecibo,Arecibo,PR,Public 4yr,,,Yes,,,,
243133,University of Puerto Rico-Bayamon,Bayamon,PR,Public 4yr,,,Yes,,,,
243142,University of Puerto Rico-Carolina,Carolina,PR,Public 4yr,,,Yes,,,,
243151,University of Puerto Rico-Cayey,Cayey,PR,Public 4yr,,,Yes,,,,
243179,University of Puerto Rico-Humacao,Humacao,PR,Public 4yr,,,Yes,,,,
243197,University of Puerto Rico-Mayaguez,Mayaguez,PR,Public 4yr,,,Yes,,,,
243203,University of Puerto Rico-Medical Sciences,San Juan,PR,Public 4yr,,,Yes,,,,
243212,University of Puerto Rico-Ponce,Ponce,PR,Public 4yr,,,Yes,,,,
243221,University of Puerto Rico-Rio Piedras,San Juan,PR,Public 4yr,,,Yes,,,,
243188,University of Puerto Rico-Utuado,Utuado,PR,Public 4yr,,,Yes,,,,
121691,University of Redlands,Redlands,CA,Private 4yr,,,Yes,,,,
488785,University of Saint Katherine,San Marcos,CA,Private 4yr,,,Yes,,,,
207722,University of Science and Arts of Oklahoma,Chickasha,OK,Public 4yr,,,,Yes,,,
227863,University of St Thomas,Houston,TX,Private 4yr,,Yes,Yes,,,,
131399,University of the District of Columbia,Washington,DC,Public 4yr,,,,,,Yes,
225627,University of the Incarnate Word,San Antonio,TX,Private 4yr,,,Yes,,,,
120883,University of the Pacific,Stockton,CA,Private 4yr,,Yes,,,,,
188182,University of the Southwest,Hobbs,NM,Private 4yr,,,Yes,,,,
243665,University of the Virgin Islands,Charlotte Amalie,VI,Public 4yr,,,,,,Yes,
449870,University of the West,Rosemead,CA,Private 4yr,,,Yes,,,,
377564,University of Washington-Tacoma Campus,Tacoma,WA,Public 4yr,,Yes,,,,,
101587,University of West Alabama,Livingston,AL,Public 4yr,,,,,Yes,,
429128,Urban College of Boston,Boston,MA,Private 2yr,,Yes,Yes,,,,
31,Utah State University,Blanding,UT,NULL,,,,Yes,,,
138187,Valencia College,Orlando,FL,Public 4yr,,,Yes,,,,
123651,Vanguard University of Southern California,Costa Mesa,CA,Private 4yr,,,Yes,,,,
188340,Vaughn College of Aeronautics and Technology,Flushing,NY,Private 4yr,,Yes,Yes,,,,
125028,Ventura College,Ventura,CA,Public 2yr,,,Yes,,,,
229504,Vernon College,Vernon,TX,Public 2yr,,,Yes,,,,
125091,Victor Valley College,Victorville,CA,Public 2yr,,,Yes,,,,
229540,Victoria College,Victoria,TX,Public 2yr,,,Yes,,,,
234030,Virginia Commonwealth University,Richmond,VA,Public 4yr,,Yes,,,,,
233921,Virginia Polytechnic Institute and State University,Blacksburg,VA,Public 4yr,,Yes,,,,,
234155,Virginia State University,Petersburg,VA,Public 4yr,,,,,,Yes,
234164,Virginia Union University,Richmond,VA,Private 4yr,,,,,,Yes,
234137,Virginia University of Lynchburg,Lynchburg,VA,Private 4yr,,,,,,Yes,
218919,Voorhees College,Denmark,SC,Private 4yr,,,,,,Yes,
236887,Walla Walla Community College,Walla Walla,WA,Public 4yr,,,Yes,,,,
210304,Warner Pacific University,Portland,OR,Private 4yr,,,Yes,,,,
149727,Waubonsee Community College,Sugar Grove,IL,Public 2yr,,,Yes,,,,
229780,Wayland Baptist University,Plainview,TX,Private 4yr,,,Yes,,,,
172635,Wayne County Community College District,Detroit,MI,Public 2yr,,,,,Yes,,
172644,Wayne State University,Detroit,MI,Public 4yr,,Yes,,,,,
236975,Wenatchee Valley College,Wenatchee,WA,Public 4yr,,,Yes,,,,
125462,West Hills College-Coalinga,Coalinga,CA,Public 2yr,,,Yes,,,,
448594,West Hills College-Lemoore,Lemoore,CA,Public 2yr,,,Yes,,,,
125471,West Los Angeles College,Culver City,CA,Public 4yr,,,Yes,,,,
229814,West Texas A & M University,Canyon,TX,Public 4yr,,,Yes,,,,
125499,West Valley College,Saratoga,CA,Public 2yr,,Yes,Yes,,,,
237899,West Virginia State University,Institute,WV,Public 4yr,,,,,,Yes,
182564,Western Nevada College,Carson City,NV,Public 4yr,,,Yes,,,,
188304,Western New Mexico University,Silver City,NM,Public 4yr,,,Yes,,,,
208035,Western Oklahoma State College,Altus,OK,Public 2yr,,,Yes,,,,
229832,Western Texas College,Snyder,TX,Public 2yr,,,Yes,,,,
229841,Wharton County Junior College,Wharton,TX,Public 2yr,,Yes,Yes,,,,
434751,White Earth Tribal and Community College,Mahnomen,MN,Private 2yr,,,,,,,Yes
125763,Whittier College,Whittier,CA,Private 4yr,,,Yes,,,,
206491,Wilberforce University,Wilberforce,OH,Private 4yr,,,,,,Yes,
229887,Wiley College,Marshall,TX,Private 4yr,,,,,,Yes,
187444,William Paterson University of New Jersey,Wayne,NJ,Public 4yr,,,Yes,,,,
149842,William Rainey Harper College,Palatine,IL,Public 2yr,,Yes,Yes,,,,
141990,Windward Community College,Kaneohe,HI,Public 2yr,Yes,Yes,,,,,
199999,Winston-Salem State University,Winston-Salem,NC,Public 4yr,,,,,,Yes,
125897,Woodbury University,Burbank,CA,Private 4yr,,Yes,Yes,,,,
455512,Woodland Community College,Woodland,CA,Public 2yr,,Yes,Yes,,,,
401223,World Mission University,Los Angeles,CA,Private 4yr,,Yes,Yes,,,,
401223,World Mission University,Los Angeles,CA,Private 4yr,,,,,,,
160904,Xavier University of Louisiana,New Orleans,LA,Private 4yr,,,,,,Yes,
237109,Yakima Valley College,Yakima,WA,Public 4yr,,,Yes,,,,
,,,,,,,,,,,
Total,,,,,21,199,545,34,72,100,35